{
    "dislike 1": {
        "bboxes": [
            [
                0.5484375,
                0.4527777777777778,
                0.16197916666666667,
                0.3972222222222222
            ]
        ],
        "labels": [
            "dislike"
        ]
    },
    "dislike 2": {
        "bboxes": [
            [
                0.4131393298059965,
                0.4255952380952381,
                0.12433862433862433,
                0.1029265873015873
            ]
        ],
        "labels": [
            "dislike"
        ]
    },
    "dislike 3": {
        "bboxes": [
            [
                0.49166666666666664,
                0.4425925925925926,
                0.13125,
                0.3851851851851852
            ]
        ],
        "labels": [
            "dislike"
        ]
    },
    "like 1": {
        "bboxes": [
            [
                0.5395833333333333,
                0.5027777777777778,
                0.22864583333333333,
                0.46296296296296297
            ]
        ],
        "labels": [
            "like"
        ]
    },
    "like 2": {
        "bboxes": [
            [
                0.3333333333333333,
                0.41889880952380953,
                0.1490299823633157,
                0.12723214285714285
            ]
        ],
        "labels": [
            "like"
        ]
    },
    "like 3": {
        "bboxes": [
            [
                0.5296875,
                0.5212962962962963,
                0.1703125,
                0.4009259259259259
            ]
        ],
        "labels": [
            "like"
        ]
    },
    "peace 1": {
        "bboxes": [
            [
                0.23072916666666668,
                0.3537037037037037,
                0.22916666666666666,
                0.5574074074074075
            ]
        ],
        "labels": [
            "peace"
        ]
    },
    "peace 2": {
        "bboxes": [
            [
                0.1882716049382716,
                0.4072420634920635,
                0.21296296296296297,
                0.13268849206349206
            ]
        ],
        "labels": [
            "peace"
        ]
    },
    "peace 3": {
        "bboxes": [
            [
                0.12916666666666668,
                0.33796296296296297,
                0.25885416666666666,
                0.5398148148148149
            ]
        ],
        "labels": [
            "peace"
        ]
    },
    "rock 1": {
        "bboxes": [
            [
                0.6229166666666667,
                0.40925925925925927,
                0.17239583333333333,
                0.4675925925925926
            ]
        ],
        "labels": [
            "rock"
        ]
    },
    "rock 2": {
        "bboxes": [
            [
                0.44841269841269843,
                0.28893849206349204,
                0.17945326278659612,
                0.12251984126984126
            ]
        ],
        "labels": [
            "rock"
        ]
    },
    "rock 3": {
        "bboxes": [
            [
                0.5588541666666667,
                0.45555555555555555,
                0.14427083333333332,
                0.33796296296296297
            ]
        ],
        "labels": [
            "rock"
        ]
    },
    "stop 1": {
        "bboxes": [
            [
                0.6255208333333333,
                0.36666666666666664,
                0.17291666666666666,
                0.4740740740740741
            ]
        ],
        "labels": [
            "stop"
        ]
    },
    "stop 2": {
        "bboxes": [
            [
                0.2707231040564374,
                0.29836309523809523,
                0.14285714285714285,
                0.13219246031746032
            ]
        ],
        "labels": [
            "stop"
        ]
    },
    "stop 3": {
        "bboxes": [
            [
                0.5395833333333333,
                0.42592592592592593,
                0.15885416666666666,
                0.34629629629629627
            ]
        ],
        "labels": [
            "stop"
        ]
    }
}